,source,author,title,description,url,urlToImage,publishedAt,content
0,"{'id': None, 'name': 'Lifehacker.com'}",Jeff Somers,Why a Tiny House Might Not Be As Affordable As You Think,"Tiny houses—typically defined as any primary dwelling under 500 square feet in size (the average tiny house is about 225 square feet)—have been a thing for a while now. There are even entire TV reality shows dedicated to folks searching for, building, and buy…",https://lifehacker.com/why-a-tiny-house-might-not-be-as-affordable-as-you-thin-1849847134,"https://i.kinja-img.com/gawker-media/image/upload/c_fill,f_auto,fl_progressive,g_center,h_675,pg_1,q_80,w_1200/b94911e4e1471306b1d647bfbf65b637.jpg",2022-12-02T19:00:00Z,Tiny housestypically defined as any primary dwelling under 500 square feet in size (the average tiny house is about 225 square feet)have been a thing for a while now. There are even entire TV reality… [+5890 chars]
1,"{'id': 'engadget', 'name': 'Engadget'}",Mariella Moon,Russian tech giant Yandex reportedly looking to break free from its home country,"Over the past years, Russian search and tech giant Yandex made an effort not to fall behind its Western counterparts and had developed its own smart devices, self-driving cars, as well as its own food delivery and ride-sharing services, among other products. …",https://www.engadget.com/russian-tech-giant-yandex-cut-ties-russia-113131537.html,https://s.yimg.com/os/creatr-uploaded-images/2022-11/a2e873a0-6ca5-11ed-af39-0258c47c4d1c,2022-11-25T12:16:31Z,"Over the past years, Russian search and tech giant Yandex made an effort not to fall behind its Western counterparts and had developed its own smart devices, self-driving cars, as well as its own foo… [+1637 chars]"
2,"{'id': 'wired', 'name': 'Wired'}",Gina Neff,The Internet Is at Risk of Driving Women Away,"If harassment isn’t tackled soon, many women will go permanently offline to avoid online abuse.",https://www.wired.com/story/online-harassment-women-internet/,"https://media.wired.com/photos/639cf4c9cef3e2702335bec3/191:100/w_1280,c_limit/01_The-internet-will-be-poorer-without-women.jpg",2022-12-19T12:00:00Z,"Unless we act, 2023 will be the year that women leave the internet. Women already face enormous risks online. A Pew Research report of a US survey shows that one-third of young women report having be… [+3995 chars]"
3,"{'id': 'wired', 'name': 'Wired'}",Antara Haldar,The Case That Foreshadowed the Lessons of the FTX Collapse,"Before there was SBF, there was another “ethical crusader” who learned the same hard truths about the technology of trust.",https://www.wired.com/story/cryptocurrency-sbf-ftx-microfinance/,"https://media.wired.com/photos/63a2366d2b5612eae8066cbc/191:100/w_1280,c_limit/ftx-finance-sam-bankman-fried.jpg",2022-12-21T14:00:00Z,"For the past three seemingly glorious years, the 30-year-old boy wonder Sam Bankman-Fried, or SBF, crowned the King of Crypto, bore an uncanny resemblance to the legendary character Robin Hood. Using… [+4839 chars]"
4,"{'id': 'wired', 'name': 'Wired'}",Carlos Gonzalez-Cadenas,Transformative Businesses Are Born in Tough Times,"What with war, layoffs, and climate collapse, it’s easy to be pessimistic—but downturns often breed the most enduring companies.",https://www.wired.com/story/business-economy-startups/,"https://media.wired.com/photos/63a08061fd7f2c34ab1d714a/191:100/w_1280,c_limit/04_World-beaters-are-born-in-the-toughest-times.jpg",2022-12-24T12:00:00Z,"Its been a rough year for entrepreneurs. Funding has been tight, top-flight leaders have been harder to lure away from secure corporate jobs, and marketing and discretionary spending has been at a st… [+3813 chars]"
5,"{'id': 'the-verge', 'name': 'The Verge'}",Mitchell Clark,Crypto finance firm BlockFi files for bankruptcy following the fall of FTX,"BlockFi has filed for Chapter 11 bankruptcy after FTX, an exchange that it had “significant exposure to” folded in early November. The crypto lender had already been struggling as crypto prices fell throughout the year.",https://www.theverge.com/2022/11/28/23460543/blockfi-ftx-chapter-11-bankruptcy-crypto,https://cdn.vox-cdn.com/thumbor/ejx8--qQQFRjwwm-VssKCmvYabM=/0x0:2040x1360/1200x628/filters:focal(1020x680:1021x681)/cdn.vox-cdn.com/uploads/chorus_asset/file/23587766/acastro_220524_STK428_0002.jpg,2022-11-28T15:59:00Z,"Crypto finance firm BlockFi files for bankruptcy following the fall of FTX
Crypto finance firm BlockFi files for bankruptcy following the fall of FTX
 / The contagion of failed crypto firms has cla… [+2747 chars]"
6,"{'id': 'the-verge', 'name': 'The Verge'}",Elizabeth Lopatto,Who’s snitching on the big crypto group chat?,Two stories about a group chat where the heads of major exchanges coordinated appeared within hours of each other. Who benefits?,https://www.theverge.com/2022/12/9/23502193/ftx-alameda-binance-kraken-tether-exchange-texts,https://cdn.vox-cdn.com/thumbor/ejx8--qQQFRjwwm-VssKCmvYabM=/0x0:2040x1360/1200x628/filters:focal(1020x680:1021x681)/cdn.vox-cdn.com/uploads/chorus_asset/file/23587766/acastro_220524_STK428_0002.jpg,2022-12-09T20:57:28Z,"How much is that group chat in the window? | Illustration by Alex Castro / The Verge

 

 I have been somewhat unsure of what to make about The Wall Street Journal and The New York Times’ reports ab… [+6829 chars]"
7,"{'id': None, 'name': 'Gizmodo.com'}",Thomas Germain,I Made ChatGPT Plan My Christmas,"As 2022 stumbles towards its conclusion, Christmas time is with us once again. I’m warming my feet by the fireplace, the family dog is drifting off to sleep beside me, and the sounds of a petty argument between my brother and sister waft in gently from the ot…",https://gizmodo.com/what-a-chatbot-ai-recommends-for-planning-christmas-1849926975,"https://i.kinja-img.com/gawker-media/image/upload/c_fill,f_auto,fl_progressive,g_center,h_675,pg_1,q_80,w_1200/e2d8ea2303baef61a89bd4bda12acc77.jpg",2022-12-23T21:49:00Z,"Whats Christmas time without a little song? I asked the AI to write a Christmas carol about Sam Bankman Fried. Now, ChatGPT doesnt have access to the latest news, so the cheery little holiday tune do… [+1289 chars]"
8,"{'id': None, 'name': 'Gizmodo.com'}",Kyle Barr,Hackers Exploit a DeFi Project to Mint 4 Quadrillion Crypto Tokens,"Just how far will hackers go to eek out a profit from a crypto entity? In one DeFi projects’ case, those looking to exploit found they could make a pretty penny by simply telling the system to mint a quadrillion crypto tokens.Read more...",https://gizmodo.com/defi-hackers-binance-crypto-1849846635,"https://i.kinja-img.com/gawker-media/image/upload/c_fill,f_auto,fl_progressive,g_center,h_675,pg_1,q_80,w_1200/68a5f2b779d20edddf7936e950487871.jpg",2022-12-02T17:50:00Z,"Just how far will hackers go to eek out a profit from a crypto entity? In one DeFi projects case, those looking to exploit found they could make a pretty penny by simply telling the system to mint a … [+3680 chars]"
9,"{'id': 'bbc-news', 'name': 'BBC News'}",https://www.facebook.com/bbcnews,Scott Morrison: Former Australian PM censured over secret ministries,Scott Morrison has been formally condemned by MPs for giving himself extra powers while in office.,https://www.bbc.co.uk/news/world-australia-63790719,https://ichef.bbci.co.uk/news/1024/branded_news/154F2/production/_127828278_gettyimages-1445308011.jpg,2022-11-30T01:25:01Z,"Former Australian Prime Minister Scott Morrison has been censured by the nation's parliament for giving himself secret powers while in office.
The historic motion follows a damning report which said… [+1117 chars]"
10,"{'id': 'bbc-news', 'name': 'BBC News'}",https://www.facebook.com/bbcnews,Hungary's risky bet on Russia's nuclear power,Russia's war in Ukraine is making a new power station - the biggest single investment in Hungarian history - less likely by the day.,https://www.bbc.co.uk/news/world-europe-63964744,https://ichef.bbci.co.uk/news/1024/branded_news/14469/production/_127994038_paks2.jpg,2022-12-15T01:22:52Z,"""If this new power plant is built,"", says Janos, a tall, friendly nuclear engineer who works in Reactor block 2 of the existing nuclear power station at Paks, ""it will be good for the town, and good … [+5531 chars]"
11,"{'id': 'bbc-news', 'name': 'BBC News'}",https://www.facebook.com/bbcnews,Venezuela corruption: Hugo Chávez's nurse guilty of money laundering,"Claudia Díaz was the nurse of the late Venezuelan President Hugo Chávez, who named her treasurer.",https://www.bbc.co.uk/news/world-latin-america-63971269,https://ichef.bbci.co.uk/news/1024/branded_news/70B7/production/_104755882_claudia4.jpg,2022-12-14T13:52:44Z,"A woman who was the nurse of the late Venezuelan president, Hugo Chávez, before he named her Venezuela's national treasurer in 2011, has been found guilty of money laundering.
Claudia Díaz, 49, is t… [+2362 chars]"
12,"{'id': 'bbc-news', 'name': 'BBC News'}",https://www.facebook.com/bbcnews,"Akon’s Wakanda, grazing goats and a crumbling crypto dream",RnB singer Akon is planning a Senegalese super-city running on cryptocurrency. But will it happen?,https://www.bbc.co.uk/news/world-africa-63988368,https://ichef.bbci.co.uk/news/1024/branded_news/2BFC/production/_128106211_akonindex.jpg,2022-12-24T00:48:54Z,"RnB singer Akon says his much-delayed plans for Akon City - an African metropolis on the Senegalese coast - are ""100,000% moving"". 
Although goats are currently grazing on the site, he says that cri… [+9305 chars]"
13,"{'id': 'bbc-news', 'name': 'BBC News'}",https://www.facebook.com/bbcnews,Haiti: Inside the capital city taken hostage by brutal gangs,"Orla Guerin reports from Port-au-Prince, where Haitians live in fear of killings, kidnappings and rape.",https://www.bbc.co.uk/news/world-latin-america-63707429,https://ichef.bbci.co.uk/news/1024/branded_news/91F7/production/_127876373_4super_promo_new_safe_zone-2.jpg,2022-12-05T06:00:16Z,"In Port-au-Prince you cannot see the boundaries, but you must know where they are. Your life may depend on it. Competing gangs are carving up the Haitian capital, kidnapping, raping, and killing at w… [+17193 chars]"
14,"{'id': 'cnn', 'name': 'CNN'}",Nicole Goodkind,Why we think we're in a recession when the data says otherwise,"It seems like you can't go anywhere these days without colliding headfirst into another ominous prediction of imminent recession. CEOs, portfolio managers, politicians, news pundits, second cousins and even Cardi B are sounding the alarm: Hear ye! Hear ye! Ec…",https://www.cnn.com/2022/12/08/investing/premarket-stocks-trading/index.html,"https://media.cnn.com/api/v1/images/stellar/prod/221207131008-shopping-california-1129-restricted.jpg?c=16x9&q=w_800,c_fill",2022-12-08T12:52:53Z,A version of this story first appeared in CNN Business Before the Bell newsletter. Not a subscriber? You can sign up right here. You can listen to an audio version of the newsletter by clicking the s… [+7272 chars]
15,"{'id': 'cnn', 'name': 'CNN'}",Nicole Goodkind,Consumers are keeping the economy afloat... for now,"American shoppers just keep on spending, lending vital support to the economy. The question is: How long will it last?",https://www.cnn.com/2022/11/30/investing/premarket-stocks-trading/index.html,"https://media.cnn.com/api/v1/images/stellar/prod/221129134338-03-black-friday-shoppers-ny-1125.jpg?c=16x9&q=w_800,c_fill",2022-11-30T13:18:41Z,A version of this story first appeared in CNN Business Before the Bell newsletter. Not a subscriber? You can sign up right here. You can listen to an audio version of the newsletter by clicking the s… [+6868 chars]
16,"{'id': 'bbc-news', 'name': 'BBC News'}",https://www.facebook.com/bbcnews,COP15: Summit on 'pact with nature' enters final stretch,Decision day looms for sealing a global deal to stop the destruction of nature.,https://www.bbc.co.uk/news/science-environment-64019324,https://ichef.bbci.co.uk/news/1024/branded_news/9CF7/production/_128038104_cop15.jpg,2022-12-19T00:12:05Z,"With only hours left to secure a global agreement to stop the destruction of nature, delegates at a UN summit are considering a new draft deal. 
A compromise text has been put forward in a last ditc… [+4222 chars]"
17,"{'id': 'bbc-news', 'name': 'BBC News'}",https://www.facebook.com/bbcnews,Ukraine war: EU set to approve cap on price of Russian oil,"The European Union agrees a cap of $60 a barrel on exported Russian crude, after Poland gave its backing.",https://www.bbc.co.uk/news/world-europe-63840412,https://ichef.bbci.co.uk/news/1024/branded_news/08B3/production/_127872220_gettyimages-1239069485.jpg,2022-12-02T17:41:54Z,"The European Union looks set to approve a cap on the price of Russian oil after Poland gave its backing.
The plan, which stops countries paying more than $60 (57; £48) a barrel, needed the agreement… [+1468 chars]"
18,"{'id': 'bbc-news', 'name': 'BBC News'}",https://www.facebook.com/bbcnews,Emergencies Act: Trudeau defends use to end 'Freedom Convoy' protests,"The emergency powers were used to help bring an end to Canada's ""Freedom Convoy"" last winter.",https://www.bbc.co.uk/news/world-us-canada-63736487,https://ichef.bbci.co.uk/news/1024/branded_news/16E48/production/_127786739_e78f5e1bf8cafef0fb70ce9ddae3dba4ad5887670_203_2458_1383500x281.jpg,2022-11-25T19:08:13Z,"Prime Minister Justin Trudeau has said he ""absolutely made the right choice"" in invoking never-used emergency powers to end to last winter's truck protests.
Mr Trudeau made the comments during an ap… [+2207 chars]"
19,"{'id': 'bbc-news', 'name': 'BBC News'}",https://www.facebook.com/bbcnews,EU Commission calls for freeze on €13bn funding for Hungary,The EU's executive says Hungary needs to enact reforms before receiving EU budget and Covid funding.,https://www.bbc.co.uk/news/world-europe-63806254,https://ichef.bbci.co.uk/news/1024/branded_news/6A4D/production/_127831272_orban.jpg,2022-11-30T14:46:50Z,"The EU's executive has recommended that billions of euros of funding for Hungary should be withheld because Viktor Orban's government has failed to enact widespread reforms.
In total, the European C… [+4050 chars]"
20,"{'id': 'bbc-news', 'name': 'BBC News'}",https://www.facebook.com/bbcnews,Anwar Ibrahim: Honeymoon as Malaysian PM will be brutally short,He finally got his dream job - but Anwar Ibrahim faces a divided country and a weak economy.,https://www.bbc.co.uk/news/world-asia-63818164,https://ichef.bbci.co.uk/news/1024/branded_news/10B3E/production/_127841486_11dd852dcdaa04c025953f9a619ac59ca2506905.jpg,2022-12-03T01:13:08Z,"The honeymoon - if there even is one - will be brutally short. 
Anwar Ibrahim became Malaysia's 10th prime minister last week, after an epic career in which he had sought the job, and come close to … [+6040 chars]"
21,"{'id': 'bbc-news', 'name': 'BBC News'}",https://www.facebook.com/bbcnews,Tutankhamun's inspiring 21st Century afterlife,Egyptologists are still learning about his life and treasures a century after his tomb was opened.,https://www.bbc.co.uk/news/world-middle-east-63742475,https://ichef.bbci.co.uk/news/1024/branded_news/1730A/production/_127768949_d17f5559-92e1-4a69-ab05-25fdf099f444.jpg,2022-11-26T00:15:02Z,"""Everywhere the glint of gold."" This is how the British archaeologist Howard Carter infamously recalled his first impression of the dazzling, treasure-filled tomb of Tutankhamun.
On 26 November 1922… [+7852 chars]"
22,"{'id': 'bbc-news', 'name': 'BBC News'}",https://www.facebook.com/bbcnews,Jeff Bezos: Does US-style philanthropy exist in UK?,The Amazon boss joins a long line of Americans giving away their riches. Is it different in the UK?,https://www.bbc.co.uk/news/world-us-canada-63715064,https://ichef.bbci.co.uk/news/1024/branded_news/1459A/production/_127745338_bezos_getty.jpg,2022-11-28T00:14:59Z,"Philanthropy, the ennobling pursuit of the rich and famous, is in the headlines. But what does philanthropy mean in 2022? And does it mean the same thing in the US as it does in the UK, asks Stephen … [+8672 chars]"
23,"{'id': 'reuters', 'name': 'Reuters'}",,UK finance minister Hunt discusses windfall tax with oil execs - Reuters.com,"Britain's finance minister Jeremy Hunt discussed the government's windfall tax during a meeting with executives from the oil and gas industry, the finance ministry said in a statement on Friday.",https://www.reuters.com/markets/europe/uk-finance-minister-hunt-discusses-windfall-tax-with-oil-execs-2022-12-09/,https://www.reuters.com/resizer/8UOMW4AoYLtk0MEFzUw54oCYAag=/1200x628/smart/filters:quality(80)/cloudfront-us-east-2.images.arcpublishing.com/reuters/VWFODMVYOBII7DKHZY4EC5EBLE.jpg,2022-12-09T13:49:00Z,"LONDON, Dec 9 (Reuters) - Britain's finance minister Jeremy Hunt discussed the government's windfall tax during a meeting with executives from the oil and gas industry, the finance ministry said in a… [+505 chars]"
24,"{'id': 'reuters', 'name': 'Reuters'}",,Orange finance head Fernandez to join transport group CMA CGM - Reuters.com,"French telecoms group Orange's <a href=""https://www.reuters.com/companies/ORAN.PA"" target=""_blank"">(ORAN.PA)</a> deputy chief executive and head of finance, Ramon Fernandez, is leaving the company to join shipping and transport company CMA CGM as finance dire…",https://www.reuters.com/business/media-telecom/telecoms-company-orange-finance-head-fernandez-join-transport-group-cma-cgm-2022-12-20/,https://www.reuters.com/resizer/f7OnETN7Sb0unYpcbY-2JB56778=/1200x628/smart/filters:quality(80)/cloudfront-us-east-2.images.arcpublishing.com/reuters/LV3PEYHKZRITLBUR6SALMDOLUE.jpg,2022-12-20T07:43:00Z,"PARIS, Dec 20 (Reuters) - French telecoms group Orange's (ORAN.PA) deputy chief executive and head of finance, Ramon Fernandez, is leaving the company to join shipping and transport company CMA CGM a… [+895 chars]"
25,"{'id': 'reuters', 'name': 'Reuters'}",,UK car distributor Inchcape's finance boss steps down - Reuters,"British car distributor Inchcape <a href=""https://www.reuters.com/companies/INCH.L"" target=""_blank"">(INCH.L)</a> said on Monday finance chief Gijsbert de Zoeten was stepping down after a ""lapse in judgement"" that involved behaviour the company said fell short…",https://www.reuters.com/business/retail-consumer/uk-car-distributor-inchcapes-finance-boss-steps-down-2022-11-28/,https://www.reuters.com/pf/resources/images/reuters/reuters-default.png?d=122,2022-11-28T07:57:00Z,"Nov 28 (Reuters) - British car distributor Inchcape (INCH.L) said on Monday finance chief Gijsbert de Zoeten was stepping down after a ""lapse in judgement"" that involved behaviour the company said fe… [+922 chars]"
26,"{'id': 'reuters', 'name': 'Reuters'}",,"Finance needs to shatter 'class ceiling', says UK report - Reuters","Half of senior leaders in Britain's financial and professional services should come from a working class or intermediate social background by 2030, a government-backed taskforce recommended on Wednesday.",https://www.reuters.com/business/sustainable-business/finance-needs-shatter-class-ceiling-says-uk-report-2022-11-30/,https://www.reuters.com/resizer/XBYSwEYYjw8EcuSoNzkCH3hT2HI=/1200x628/smart/filters:quality(80)/cloudfront-us-east-2.images.arcpublishing.com/reuters/WTA6EEUHQRIFDBEZFS7Q2D3NRM.jpg,2022-11-30T00:10:00Z,"LONDON, Nov 30 (Reuters) - Half of senior leaders in Britain's financial and professional services should come from a working class or intermediate social background by 2030, a government-backed task… [+1975 chars]"
27,"{'id': 'reuters', 'name': 'Reuters'}",,Pakistan committed to completing IMF programme - finance minister - Reuters.com,"Pakistan is committed to completing the International Monetary Fund programme while meeting external debt repayments on time, the country's finance minister said on Tuesday during a meeting with the ambassador of its top bilateral lender China.",https://www.reuters.com/markets/asia/pakistan-committed-completing-imf-programme-finance-minister-2022-12-06/,https://www.reuters.com/pf/resources/images/reuters/reuters-default.png?d=123,2022-12-06T17:12:00Z,"Dec 6 (Reuters) - Pakistan is committed to completing the International Monetary Fund programme while meeting external debt repayments on time, the country's finance minister said on Tuesday during a… [+1290 chars]"
28,"{'id': 'reuters', 'name': 'Reuters'}",,Alpha Finance raises price targets on Greek banks - Reuters,"Alpha Finance, a subsidiary of Alpha Bank <a href=""https://www.reuters.com/companies/ACBr.AT"" target=""_blank"">(ACBr.AT)</a>, on Monday raised its price targets on shares of Eurobank <a href=""https://www.reuters.com/companies/EURBr.AT"" target=""_blank"">(EURBr.A…",https://www.reuters.com/business/finance/alpha-finance-raises-price-targets-greek-banks-2022-11-28/,https://www.reuters.com/resizer/2Wh78cX5JZxdXtfd1QWkPa3MkQY=/1200x628/smart/filters:quality(80)/cloudfront-us-east-2.images.arcpublishing.com/reuters/ZOFQ43IY3NJO5AV736SFMFPUVE.jpg,2022-11-28T13:40:00Z,"ATHENS, Nov 28 (Reuters) - Alpha Finance, a subsidiary of Alpha Bank (ACBr.AT), on Monday raised its price targets on shares of Eurobank (EURBr.AT), National Bank (NBGr.AT) and Piraeus Bank (BOPr.AT)… [+1279 chars]"
29,"{'id': 'reuters', 'name': 'Reuters'}",,Ukraine's finance minister says reconstruction costs are rising - Reuters.com,Ukraine's Finance Minister Serhiy Marchenko has said more Western aid is needed to help it meet its growing reconstruction costs following this week's escalation of Russian missile attacks.,https://www.reuters.com/markets/europe/ukraines-finance-minister-says-reconstruction-costs-are-rising-2022-11-24/,https://www.reuters.com/resizer/ChsGEbmK030NDeh_X-83lDvWGKk=/1200x628/smart/filters:quality(80)/cloudfront-us-east-2.images.arcpublishing.com/reuters/E3Z36BF3XZLVJK4VHJWAY7A6EU.jpg,2022-11-24T16:50:00Z,"LONDON, Nov 24 (Reuters) - Ukraine's Finance Minister Serhiy Marchenko has said more Western aid is needed to help it meet its growing reconstruction costs following this week's escalation of Russian… [+2122 chars]"
30,"{'id': 'reuters', 'name': 'Reuters'}",,Bid to censure Ghana's finance minister fails in parliament - Reuters,"A bid to censure Ghana's embattled finance minister Ken Ofori-Atta failed on Thursday when ruling party members walked out of parliament, depriving the opposition of the two-thirds majority it required to pass the motion.",https://www.reuters.com/world/africa/bid-censure-ghanas-finance-minister-fails-parliament-2022-12-08/,https://www.reuters.com/resizer/7Uu2Qf2FKaNh_AlXJ_eIBpljF5U=/1200x628/smart/filters:quality(80)/cloudfront-us-east-2.images.arcpublishing.com/reuters/K37VHPGS7BLFFGYH3XRJEJZDBE.jpg,2022-12-08T18:56:00Z,"ACCRA, Dec 8 (Reuters) - A bid to censure Ghana's embattled finance minister Ken Ofori-Atta failed on Thursday when ruling party members walked out of parliament, depriving the opposition of the two-… [+1787 chars]"
31,"{'id': 'reuters', 'name': 'Reuters'}",,More finance needed for Africa's energy transition opportunities - Reuters,"Africa's transition to cleaner fuels and power generation presents investors with opportunities across the value chain, but more direct financing is needed on projects, the head of a South African independent power producer, said on Thursday.",https://www.reuters.com/business/energy/more-finance-needed-africas-energy-transition-opportunities-2022-12-01/,https://www.reuters.com/resizer/8U0QVwpcGIQ10it6HDQLRwakQGY=/1200x628/smart/filters:quality(80)/cloudfront-us-east-2.images.arcpublishing.com/reuters/OFUXNDJS65KNHN5FF6PEIKPYGI.jpg,2022-12-01T09:35:00Z,"DAKAR, Dec 1 (Reuters) - Africa's transition to cleaner fuels and power generation presents investors with opportunities across the value chain, but more direct financing is needed on projects, the h… [+2969 chars]"
32,"{'id': 'reuters', 'name': 'Reuters'}",,Brazil's Lula announces Fernando Haddad as finance minister - Reuters.com,"Brazil's leftist President-elect Luiz Inacio Lula da Silva said on Friday that former Sao Paulo Mayor Fernando Haddad will be his finance minister, ending days of speculation about one of his key ministerial appointments.",https://www.reuters.com/world/americas/brazils-lula-announces-fernando-haddad-finance-minister-2022-12-09/,https://www.reuters.com/resizer/zcDq7LKAcM1MK9HW7Stuun3jITM=/1200x628/smart/filters:quality(80)/cloudfront-us-east-2.images.arcpublishing.com/reuters/2LF6MMBRBRJTXGVCJKMVSXBGZE.jpg,2022-12-09T14:10:00Z,"BRASILIA, Dec 9 (Reuters) - Brazil's leftist President-elect Luiz Inacio Lula da Silva said on Friday that former Sao Paulo Mayor Fernando Haddad will be his finance minister, ending days of speculat… [+760 chars]"
33,"{'id': 'reuters', 'name': 'Reuters'}",,"U.S. Senate Finance Committee asks GM, Tesla, Toyota about ... - Reuters","The U.S. Senate Finance Committee asked eight major automakers, including General Motors <a href=""https://www.reuters.com/companies/GM.N"" target=""_blank"">(GM.N)</a>, Tesla <a href=""https://www.reuters.com/companies/TSLA.O"" target=""_blank"">(TSLA.O)</a>, Ford M…",https://www.reuters.com/business/autos-transportation/us-senate-finance-committee-asks-gm-tesla-toyota-about-chinese-supply-chain-2022-12-22/,https://www.reuters.com/resizer/caJok6TOkqfw-YnK14bGkxU1Hfw=/1200x628/smart/filters:quality(80)/cloudfront-us-east-2.images.arcpublishing.com/reuters/JQRGDLQVEVJBBLN3ASFUYBYXW4.jpg,2022-12-22T17:01:00Z,"WASHINGTON, Dec 22 (Reuters) - The U.S. Senate Finance Committee asked eight major automakers, including General Motors (GM.N), Tesla (TSLA.O), Ford Motor (F.N), and Honda Motor (7267.T), to answer q… [+2595 chars]"
34,"{'id': 'reuters', 'name': 'Reuters'}",,Brazil's incoming finance minister picks treasury secretary - Reuters,Brazil's incoming Finance Minister Fernando Haddad said on Thursday that Rogerio Ceron will be the country's treasury secretary in President-elect Luiz Inacio Lula da Silva's government.,https://www.reuters.com/world/americas/brazils-incoming-finance-minister-picks-treasury-secretary-2022-12-22/,https://www.reuters.com/resizer/dKzTFr75qTvuUYt33dzyZOPQxR0=/1200x628/smart/filters:quality(80)/cloudfront-us-east-2.images.arcpublishing.com/reuters/K4JZMWZ4CVNCTISWF2EGLLCP3E.jpg,2022-12-22T18:14:00Z,"SAO PAULO, Dec 22 (Reuters) - Brazil's incoming Finance Minister Fernando Haddad said on Thursday that Rogerio Ceron will be the country's treasury secretary in President-elect Luiz Inacio Lula da Si… [+728 chars]"
35,"{'id': 'reuters', 'name': 'Reuters'}",,Holiday Inn owner IHG promotes Glover as new finance chief - Reuters,"Holiday Inn owner IHG <a href=""https://www.reuters.com/companies/IHG.L"" target=""_blank"">(IHG.L)</a> promoted Michael Glover, the finance chief of its Americas division and group head of commercial finance, to the role of chief financial officer on Tuesday, wi…",https://www.reuters.com/business/holiday-inn-owner-ihg-promotes-glover-new-finance-chief-2022-12-13/,https://www.reuters.com/resizer/GjzUtf6QaG9TnFn6MXzWElA6pzY=/1200x628/smart/filters:quality(80)/cloudfront-us-east-2.images.arcpublishing.com/reuters/UTFMSDKRRVPO3IUSC5MKES2FSI.jpg,2022-12-13T07:44:00Z,"Dec 13 (Reuters) - Holiday Inn owner IHG (IHG.L) promoted Michael Glover, the finance chief of its Americas division and group head of commercial finance, to the role of chief financial officer on Tu… [+645 chars]"
36,"{'id': 'reuters', 'name': 'Reuters'}",,"Indonesian household spending seen stable, investment to rise in Q4 - finmin - Reuters.com","Indonesian household spending will likely remain stable in the fourth quarter, while investment will probably rise, Finance Minister Sri Mulyani Indrawati said on Thursday.",https://www.reuters.com/markets/asia/indonesian-household-spending-seen-stable-investment-rise-q4-finmin-2022-11-24/,https://www.reuters.com/pf/resources/images/reuters/reuters-default.png?d=122,2022-11-24T06:42:21Z,"JAKARTA, Nov 24 (Reuters) - Indonesian household spending will likely remain stable in the fourth quarter, while investment will probably rise, Finance Minister Sri Mulyani Indrawati said on Thursday… [+289 chars]"
37,"{'id': 'reuters', 'name': 'Reuters'}",,Indian states seek greater fiscal space from federal government - Reuters India,"Indian states asked the federal finance ministry for greater budgetary autonomy and fiscal space, officials said after a budget consultation meeting in New Delhi on Friday.",https://www.reuters.com/world/india/indian-states-seek-greater-fiscal-space-federal-government-2022-11-25/,https://www.reuters.com/resizer/zHwLi45azKkZoCMpOPR-LmsMsp0=/1200x628/smart/filters:quality(80)/cloudfront-us-east-2.images.arcpublishing.com/reuters/GGM4B7HOG5NCBHOUZRC4NE5GDU.jpg,2022-11-25T12:13:00Z,"NEW DELHI, Nov 25 (Reuters) - Indian states asked the federal finance ministry for greater budgetary autonomy and fiscal space, officials said after a budget consultation meeting in New Delhi on Frid… [+1380 chars]"
38,"{'id': 'reuters', 'name': 'Reuters'}",,Former UK Chancellor Javid to quit at next election - Reuters,"Former British finance minister and Conservative Party leadership candidate Sajid Javid will not stand for re-election at the next national election, he said on Friday.",https://www.reuters.com/world/uk/former-uk-chancellor-sajid-javid-will-not-stand-re-election-2022-12-02/,https://www.reuters.com/resizer/aLma8UUQZNF4SuHjIq88hMwctz8=/1200x628/smart/filters:quality(80)/cloudfront-us-east-2.images.arcpublishing.com/reuters/QULLPKEMWJJFNPKGJ7O3K4JPH4.jpg,2022-12-02T11:33:00Z,"LONDON, Dec 2 (Reuters) - Former British finance minister and Conservative Party leadership candidate Sajid Javid will not stand for re-election at the next national election, he said on Friday.
Jav… [+825 chars]"
39,"{'id': 'reuters', 'name': 'Reuters'}",,Egypt aims to issue first panda bonds by end of current fiscal year - official - Reuters,"Egypt aims to issue its first panda bonds by the end of this fiscal year, Deputy Finance Minister Ahmed Kouchock said on Sunday.",https://www.reuters.com/markets/rates-bonds/egypt-aims-issue-first-panda-bonds-by-end-current-fiscal-year-official-2022-12-04/,https://www.reuters.com/pf/resources/images/reuters/reuters-default.png?d=122,2022-12-04T14:24:00Z,"CAIRO, Dec 4 (Reuters) - Egypt aims to issue its first panda bonds by the end of this fiscal year, Deputy Finance Minister Ahmed Kouchock said on Sunday.
""We are just waiting for the right moment,"" … [+385 chars]"
40,"{'id': 'reuters', 'name': 'Reuters'}",,Egypt expecting approval of IMF package next week-deputy minister - Reuters,"Egypt is expecting approval of a new $3 billion Extended Fund Facility package from the International Monetary Fund next week, Deputy Finance Minister Ahmed Kouchouk said on Wednesday.",https://www.reuters.com/world/middle-east/egypt-expecting-approval-imf-package-next-week-deputy-minister-2022-12-07/,https://www.reuters.com/resizer/oaUTWRWG3GpSeJC6VEvm1djo9WM=/1200x628/smart/filters:quality(80)/cloudfront-us-east-2.images.arcpublishing.com/reuters/LKL5CNJEXRKUTI65NX76XUPGMU.jpg,2022-12-07T14:21:00Z,"CAIRO, Dec 7 (Reuters) - Egypt is expecting approval of a new $3 billion Extended Fund Facility package from the International Monetary Fund next week, Deputy Finance Minister Ahmed Kouchouk said on … [+1398 chars]"
41,"{'id': 'reuters', 'name': 'Reuters'}",,Finland prepares windfall tax on energy companies - Reuters.com,"Finland's government is preparing to introduce a new temporary tax on excessive profits of energy companies, Finance Minister Annika Saarikko said late on Wednesday.",https://www.reuters.com/business/energy/finland-prepares-windfall-tax-energy-companies-2022-11-24/,https://www.reuters.com/resizer/4F9n2TaUQcYrZHyZvXt4nH8bCzo=/1200x628/smart/filters:quality(80)/cloudfront-us-east-2.images.arcpublishing.com/reuters/RYZIJ3EOTZNMBE5RVBGDGJM7AY.jpg,2022-11-24T10:32:00Z,"HELSINKI, Nov 24 (Reuters) - Finland's government is preparing to introduce a new temporary tax on excessive profits of energy companies, Finance Minister Annika Saarikko said late on Wednesday.
In … [+736 chars]"
42,"{'id': 'reuters', 'name': 'Reuters'}",,France's Le Maire: We went too far in use of consulting firms - Reuters.com,"The French government made excessive use of consultancy firms in the past and is now striving to correct that, Finance Minister Bruno Le Maire said on Sunday.",https://www.reuters.com/markets/europe/frances-le-maire-we-went-too-far-use-consulting-firms-2022-11-27/,https://www.reuters.com/resizer/NEw8WUOyWiWyTE0yScf2xPX8ENI=/1200x628/smart/filters:quality(80)/cloudfront-us-east-2.images.arcpublishing.com/reuters/SQFUF6RWLFI6XLAPG7QMYH37HU.jpg,2022-11-27T14:37:00Z,"PARIS, Nov 27 (Reuters) - The French government made excessive use of consultancy firms in the past and is now striving to correct that, Finance Minister Bruno Le Maire said on Sunday.
Emmanuel Macr… [+1353 chars]"
43,"{'id': 'reuters', 'name': 'Reuters'}",,India government not to make public cenbank's letter on inflation - Reuters.com,"The Indian government will not make public a Reserve Bank of India's (RBI) recent letter on inflation, state minister of finance Pankaj Chaudhary said in on Monday.",https://www.reuters.com/world/india/india-government-not-make-public-cenbanks-letter-inflation-2022-12-12/,https://www.reuters.com/pf/resources/images/reuters/reuters-default.png?d=123,2022-12-12T07:07:48Z,"NEW DELHI, Dec 12 (Reuters) - The Indian government will not make public a Reserve Bank of India's (RBI) recent letter on inflation, state minister of finance Pankaj Chaudhary said in on Monday.
The… [+467 chars]"
44,"{'id': 'reuters', 'name': 'Reuters'}",,UK will announce soon how it will maintain energy support scheme -Hunt - Reuters UK,British finance minister Jeremy Hunt said on Tuesday the government would announce soon how it plans to extend its energy price support scheme for businesses.,https://www.reuters.com/world/uk/uk-will-announce-soon-how-it-will-maintain-energy-support-scheme-hunt-2022-12-13/,https://www.reuters.com/resizer/HeX7FAngicAlx7JZaSuH0VIvWGk=/1200x628/smart/filters:quality(80)/cloudfront-us-east-2.images.arcpublishing.com/reuters/XCT5NVPCGZJ7PKFKFNYBG4ZTDI.jpg,2022-12-13T18:29:00Z,"LONDON, Dec 13 (Reuters) - British finance minister Jeremy Hunt said on Tuesday the government would announce soon how it plans to extend its energy price support scheme for businesses.
""We'll be an… [+599 chars]"
45,"{'id': 'reuters', 'name': 'Reuters'}",,India says falling commodity prices to ease inflationary pressures - Reuters.com,"India's inflation is likely to ease in the coming months, partly due to fall in commodity prices, India's finance ministry said in a monthly economic report.",https://www.reuters.com/markets/commodities/india-says-falling-commodity-prices-ease-inflationary-pressures-2022-11-24/,https://www.reuters.com/resizer/FEYPwB1cuggdxMe6JMbouL_RqyU=/1200x628/smart/filters:quality(80)/cloudfront-us-east-2.images.arcpublishing.com/reuters/7JLXE73R3FN3ZMDXSGUNZXT4YI.jpg,2022-11-24T10:34:00Z,"NEW DELHI, Nov 24 (Reuters) - India's inflation is likely to ease in the coming months, partly due to fall in commodity prices, India's finance ministry said in a monthly economic report.
India's an… [+1327 chars]"
46,"{'id': 'reuters', 'name': 'Reuters'}",,Zambia pushing hard to restructure debt in Q1 - finance minister - Reuters.com,"Zambia is pushing hard to restructure its debt in the first quarter of next year, Finance Minister Situmbeko Musokotwane said in an interview at the Reuters NEXT conference.",https://www.reuters.com/business/zambia-pushing-hard-restructure-debt-q1-finance-minister-2022-11-30/,https://www.reuters.com/resizer/cbL2fHmyA00j2c3zNA92fDKVLaI=/1200x628/smart/filters:quality(80)/cloudfront-us-east-2.images.arcpublishing.com/reuters/PEFHDTOYJZIKNPYNOHYSNHYNJ4.jpg,2022-11-30T09:43:00Z,"JOHANNESBURG, Nov 30 (Reuters) - Zambia is pushing hard to restructure its debt in the first quarter of next year, Finance Minister Situmbeko Musokotwane said in an interview at the Reuters NEXT conf… [+754 chars]"
47,"{'id': 'reuters', 'name': 'Reuters'}",,Israeli finance panel chief suggests law to shield mortgages from rate hikes - Reuters,The head of the Israeli parliament's powerful finance committee on Monday criticized a wave of central bank interest hikes and said he would propose legislation to minimise their impact on mortgage holders.,https://www.reuters.com/world/middle-east/israeli-finance-panel-chief-suggests-law-shield-mortgages-rate-hikes-2022-11-28/,https://www.reuters.com/resizer/zZ4NY7GA6byILcXR8tvvTotKgWo=/1200x628/smart/filters:quality(80)/cloudfront-us-east-2.images.arcpublishing.com/reuters/727RFILUSJKF5KLVFNORXEXVZI.jpg,2022-11-28T14:22:00Z,"JERUSALEM, Nov 28 (Reuters) - The head of the Israeli parliament's powerful finance committee on Monday criticized a wave of central bank interest hikes and said he would propose legislation to minim… [+1860 chars]"
48,"{'id': 'reuters', 'name': 'Reuters'}",,Credit Agricole pledges not to finance new oil extraction projects - Reuters.com,"Credit Agricole <a href=""https://www.reuters.com/companies/CAGR.PA"" target=""_blank"">(CAGR.PA)</a>, France's biggest retail bank, has launched a new business line to focus on climate-related targets, it said on Tuesday, while pledging not to finance new oil ex…",https://www.reuters.com/business/finance/credit-agricole-pledges-not-finance-new-oil-extraction-projects-2022-12-06/,https://www.reuters.com/resizer/P7mdg685KbN4w-Iigw4gbgR7k94=/1200x628/smart/filters:quality(80)/cloudfront-us-east-2.images.arcpublishing.com/reuters/5XBDTC43YZNGNJ52PLR4ODATSY.jpg,2022-12-06T08:11:00Z,"PARIS, Dec 6 (Reuters) - Credit Agricole (CAGR.PA), France's biggest retail bank, has launched a new business line to focus on climate-related targets, it said on Tuesday, while pledging not to finan… [+1206 chars]"
49,"{'id': 'reuters', 'name': 'Reuters'}",,Breakingviews - HKEX alum helps Macau take micro-step into finance - Reuters,"Small is beautiful. Hong Kong’s former stock market Chief Executive Charles Li, key driver of the wildly successful bilateral Stock Connect programme between mainland Chinese bourses and Hong Kong, is kickstarting an asset exchange in Macau. Micro Connect, wh…",https://www.reuters.com/breakingviews/hkex-alum-helps-macau-take-micro-step-into-finance-2022-12-06/,https://www.reuters.com/resizer/QvYC97PHIbRQVWYuJd_FGaEFFQ4=/1200x628/smart/filters:quality(80)/cloudfront-us-east-2.images.arcpublishing.com/reuters/Y75E37VSPFP4NCVZ42DZF2JLRU.jpg,2022-12-06T04:01:07Z,"HONG KONG, Dec 6 (Reuters Breakingviews) - Small is beautiful. Hong Kongs former stock market Chief Executive Charles Li, key driver of the wildly successful bilateral Stock Connect programme between… [+1714 chars]"
50,"{'id': 'reuters', 'name': 'Reuters'}",,Ghana hoping for IMF agreement by next week: finance ministry official - Reuters,"Ghana's economic recovery efforts could be delayed and complicated if a visiting team from the International Monetary Fund (IMF) leaves without a staff-level agreement next week, a finance ministry official said on Wednesday.",https://www.reuters.com/world/africa/ghana-hoping-imf-agreement-by-next-week-finance-ministry-official-2022-12-07/,https://www.reuters.com/resizer/orrDC-I3ppyF-ssdwJmHfxOzvQg=/1200x628/smart/filters:quality(80)/cloudfront-us-east-2.images.arcpublishing.com/reuters/E7THUAY2LZLCLJXABY2Q7XQIFE.jpg,2022-12-07T15:22:00Z,"ACCRA, Dec 7 (Reuters) - Ghana's economic recovery efforts could be delayed and complicated if a visiting team from the International Monetary Fund (IMF) leaves without a staff-level agreement next w… [+3485 chars]"
51,"{'id': 'reuters', 'name': 'Reuters'}",,China c.bank calls for green finance regulation to be strengthened - Reuters,China's central bank on Saturday warned that climate change and a global move to a low-carbon economy posed risks for domestic financial institutions and said stronger regulation was required.,https://www.reuters.com/business/sustainable-business/china-cbank-calls-green-finance-regulation-be-strengthened-2022-12-10/,https://www.reuters.com/resizer/CcX6HrgMCBHyOrRjRfHeZSeZnuA=/1200x628/smart/filters:quality(80)/cloudfront-us-east-2.images.arcpublishing.com/reuters/LJ6M6SUPP5LB7M44IBWE7R5RC4.jpg,2022-12-10T12:04:00Z,"HONG KONG, Dec 10 (Reuters) - China's central bank on Saturday warned that climate change and a global move to a low-carbon economy posed risks for domestic financial institutions and said stronger r… [+1748 chars]"
52,"{'id': 'reuters', 'name': 'Reuters'}",,Former New York University finance director charged with $3.4 mln ... - Reuters,A former director of finance at New York University was indicted on Monday for what prosecutors described as the defrauding of the school to divert about $3.4 million intended to fund minority- and women-owned businesses.,https://www.reuters.com/legal/former-new-york-university-finance-director-charged-with-34-mln-fraud-2022-12-19/,https://www.reuters.com/pf/resources/images/reuters/reuters-default.png?d=124,2022-12-19T22:42:00Z,"NEW YORK, Dec 19 (Reuters) - A former director of finance at New York University was indicted on Monday for what prosecutors described as the defrauding of the school to divert about $3.4 million int… [+2256 chars]"
53,"{'id': 'reuters', 'name': 'Reuters'}",,"ESG Watch: Despite setbacks, green finance ends 2022 in good ... - Reuters","If 2021 ended on an optimistic note following the relative success of the COP26 climate conference in Glasgow, that optimism was dashed pretty early in 2022, when Vladimir Putin invaded Ukraine. The war precipitated a global energy crisis and called into ques…",https://www.reuters.com/business/sustainable-business/esg-watch-despite-setbacks-green-finance-ends-2022-good-health-2022-12-22/,https://www.reuters.com/resizer/rtKk3k7selNwvvHbX_1mBwjvhY8=/1200x628/smart/filters:quality(80)/cloudfront-us-east-2.images.arcpublishing.com/reuters/WHECIHF5FVN43CAR2RTFT345UM.jpg,2022-12-22T13:28:00Z,"December 22 - If 2021 ended on an optimistic note following the relative success of the COP26 climate conference in Glasgow, that optimism was dashed pretty early in 2022, when Vladimir Putin invaded… [+6671 chars]"
54,"{'id': 'reuters', 'name': 'Reuters'}",,Israel economy to grow lower than expected 3% in 2023 -finance ministry - Reuters.com,"Israel's economic growth is set to slow sharply to 3% in 2023 after rapid expansion in the prior two years, the Finance Ministry said on Monday as it cut its estimate from 3.5%, citing more restrained consumer and state spending.",https://www.reuters.com/world/middle-east/israel-economy-grow-lower-than-expected-3-2023-finance-ministry-2022-12-12/,https://www.reuters.com/resizer/utSiIc8szrdeAuPfMNijNGPSrKY=/1200x628/smart/filters:quality(80)/cloudfront-us-east-2.images.arcpublishing.com/reuters/OQBRJXGZKZJ6PA5AF7K322MZIU.jpg,2022-12-12T10:47:00Z,"JERUSALEM, Dec 12 (Reuters) - Israel's economic growth is set to slow sharply to 3% in 2023 after rapid expansion in the prior two years, the Finance Ministry said on Monday as it cut its estimate fr… [+1319 chars]"
55,"{'id': 'reuters', 'name': 'Reuters'}",,UK finance minister Hunt: Wrong choices on inflation now will prolong the pain - Reuters,"The pain caused by inflation will be prolonged if the government makes the wrong choices now, finance minister Jeremy Hunt said on Wednesday, stressing that tough decisions were needed to tackle rising prices.",https://www.reuters.com/world/uk/uk-finance-minister-hunt-wrong-choices-inflation-now-will-prolong-pain-2022-12-14/,https://www.reuters.com/resizer/-C9HYkjttcCkNHPqscM72OW_oJg=/1200x628/smart/filters:quality(80)/cloudfront-us-east-2.images.arcpublishing.com/reuters/JU5S3JAD3VIHZNN3B4UAQFVLEM.jpg,2022-12-14T07:17:00Z,"LONDON, Dec 14 (Reuters) - The pain caused by inflation will be prolonged if the government makes the wrong choices now, finance minister Jeremy Hunt said on Wednesday, stressing that tough decisions… [+471 chars]"
56,"{'id': 'reuters', 'name': 'Reuters'}",,Swiss appoint centre-right Keller-Sutter as new finance minister - Reuters,The Swiss government agreed on Thursday to make Karin Keller-Sutter from the centre-right Liberals the country's new finance minister in a cabinet reshuffle sparked by the resignations of two members.,https://www.reuters.com/world/europe/swiss-appoint-centre-right-keller-sutter-new-finance-minister-2022-12-08/,https://www.reuters.com/resizer/Cxuow-tBeTRm6J79OXe0Z-L78ss=/1200x628/smart/filters:quality(80)/cloudfront-us-east-2.images.arcpublishing.com/reuters/ECQLGE6W7ROY7DCVG3KCISJ2MA.jpg,2022-12-08T15:39:00Z,"ZURICH, Dec 8 (Reuters) - The Swiss government agreed on Thursday to make Karin Keller-Sutter from the centre-right Liberals the country's new finance minister in a cabinet reshuffle sparked by the r… [+1309 chars]"
57,"{'id': 'reuters', 'name': 'Reuters'}",,Vehicle finance startup Moove raises $30 mln in debut sukuk - Reuters,"Moove, which was founded in Nigeria and provides revenue-based vehicle financing, said on Thursday it is raising $30 million in a private placement Islamic bond debut.",https://www.reuters.com/world/middle-east/vehicle-finance-startup-moove-raises-30-mln-debut-sukuk-2022-12-08/,https://www.reuters.com/pf/resources/images/reuters/reuters-default.png?d=123,2022-12-08T13:55:00Z,"DUBAI, Dec 8 (Reuters) - Moove, which was founded in Nigeria and provides revenue-based vehicle financing, said on Thursday it is raising $30 million in a private placement Islamic bond debut.
Frank… [+1429 chars]"
58,"{'id': 'reuters', 'name': 'Reuters'}",,"China's COVID surge hits Beijing trading floors, Shanghai finance hub - Reuters","COVID-19 is sweeping through trading floors in Beijing and spreading fast in the financial hub of Shanghai, with illness and absence thinning already light trade and forcing regulators to cancel a weekly meeting vetting public share sales.",https://www.reuters.com/markets/asia/chinas-covid-surge-hits-beijing-trading-floors-shanghai-finance-hub-2022-12-19/,https://www.reuters.com/resizer/oUvKIgv0mo8fr2NzpVndVETRCD0=/1200x628/smart/filters:quality(80)/cloudfront-us-east-2.images.arcpublishing.com/reuters/Q4SPO72FSJKGJMZY2XTJZJ7434.jpg,2022-12-19T06:16:00Z,"SHANGHAI, Dec 19 (Reuters) - COVID-19 is sweeping through trading floors in Beijing and spreading fast in the financial hub of Shanghai, with illness and absence thinning already light trade and forc… [+3020 chars]"
59,"{'id': 'reuters', 'name': 'Reuters'}",,"U.S. ready to help Mexico finance solar plans, Lopez Obrador says - Reuters.com","The United States is offering to help Mexico with loans to finance planned solar power stations in the northern state of Sonora that will significantly increase clean energy supply, President Andres Manuel Lopez Obrador said on Tuesday.",https://www.reuters.com/legal/transactional/us-ready-help-mexico-finance-solar-plans-lopez-obrador-says-2022-12-20/,https://www.reuters.com/pf/resources/images/reuters/reuters-default.png?d=124,2022-12-20T21:11:00Z,"MEXICO CITY, Dec 20 (Reuters) - The United States is offering to help Mexico with loans to finance planned solar power stations in the northern state of Sonora that will significantly increase clean … [+2330 chars]"
60,"{'id': 'reuters', 'name': 'Reuters'}",,BOJ to conduct annual survey on climate finance to nurture ESG market - Reuters.com,"Bank of Japan (BOJ) Deputy Governor Masayoshi Amamiya said on Sunday the central bank will conduct a survey annually of financial institutions and companies, seeking ways to nurture the country's growing climate finance market.",https://www.reuters.com/business/sustainable-business/boj-conduct-annual-survey-climate-finance-nurture-esg-market-2022-11-27/,https://www.reuters.com/resizer/DlL6Bo-5055iIj2b0wUeO_5_j_0=/1200x628/smart/filters:quality(80)/cloudfront-us-east-2.images.arcpublishing.com/reuters/S3FHEHAYG5LA5GNPOICITH7JJI.jpg,2022-11-27T05:13:00Z,"TOKYO, Nov 27 (Reuters) - Bank of Japan (BOJ) Deputy Governor Masayoshi Amamiya said on Sunday the central bank will conduct a survey annually of financial institutions and companies, seeking ways to… [+1274 chars]"
61,"{'id': 'reuters', 'name': 'Reuters'}",,India will sustain growth through more govt capital spending - finance minister - Reuters India,"India will sustain its high growth rate through more government capital spending, the finance minister said in an interview at  the  Reuters NEXT conference on Wednesday, adding that she saw signs of a pick-up in private investments too.",https://www.reuters.com/world/india/india-will-sustain-growth-through-more-govt-capital-spending-finance-minister-2022-11-30/,https://www.reuters.com/resizer/heG5haTwUUj4JqLD8MBGWCbkx-Q=/1200x628/smart/filters:quality(80)/cloudfront-us-east-2.images.arcpublishing.com/reuters/UP5LBYGVAZPYTFJJCEEHRRXKUE.jpg,2022-11-30T11:42:00Z,"NEW DELHI, Nov 30 (Reuters) - India will sustain its high growth rate through more government capital spending, the finance minister said in an interview at the Reuters NEXT conference on Wednesday, … [+299 chars]"
62,"{'id': 'reuters', 'name': 'Reuters'}",,German finance minister welcomes court ruling on EU recovery fund - Reuters.com,"German Finance Minister Christian Lindner on Tuesday welcomed a ruling by Germany's constitutional court, which threw out a legal challenge to the European Union's 750-billion-euro ($788.70 billion) recovery fund.",https://www.reuters.com/markets/europe/german-finance-minister-welcomes-court-ruling-eu-recovery-fund-2022-12-06/,https://www.reuters.com/resizer/MSG5BYUuuMYsipRIiJu80Dl-2Rk=/1200x628/smart/filters:quality(80)/cloudfront-us-east-2.images.arcpublishing.com/reuters/JDVOSYWHKVPWHIWHXX5NSDPJBE.jpg,2022-12-06T13:27:00Z,"BERLIN, Dec 6 (Reuters) - German Finance Minister Christian Lindner on Tuesday welcomed a ruling by Germany's constitutional court, which threw out a legal challenge to the European Union's 750-billi… [+781 chars]"
63,"{'id': 'reuters', 'name': 'Reuters'}",,London's Canary Wharf plans life sciences tower as finance retreats - Reuters UK,"Canary Wharf Group is planning to build a 23-floor tower for the life sciences industry which it says will be Europe's biggest such construction, as the London hub aims to diversify from a financial industry in retreat.",https://www.reuters.com/world/uk/londons-canary-wharf-plans-life-sciences-tower-finance-retreats-2022-12-13/,https://www.reuters.com/resizer/POUepyca3shgKnoRWIE5owtMtQI=/1200x628/smart/filters:quality(80)/cloudfront-us-east-2.images.arcpublishing.com/reuters/UJAQJ4WM2NPPLBPA5NPOI4YI5Y.jpg,2022-12-13T12:38:00Z,"LONDON, Dec 13 (Reuters) - Canary Wharf Group is planning to build a 23-floor tower for the life sciences industry which it says will be Europe's biggest such construction, as the London hub aims to … [+1696 chars]"
64,"{'id': 'reuters', 'name': 'Reuters'}",,France's Le Maire: Europe must defend its economic interests against U.S. subsidy package - Reuters,"France may try to negotiate some exemptions from the duties and limits imposed by the U.S. anti-inflation act but Europe must act to protect the bloc's economic interests, Finance Minister Bruno Le Maire said on Sunday.",https://www.reuters.com/markets/europe/frances-le-maire-europe-must-defend-its-economic-interests-against-us-subsidy-2022-11-27/,https://www.reuters.com/resizer/5MVPx6OcJplIh_xumeyKS-6yxP4=/1200x628/smart/filters:quality(80)/cloudfront-us-east-2.images.arcpublishing.com/reuters/5Q5BNVDJKZIBDAASZNB5G4VJ5Y.jpg,2022-11-27T13:02:00Z,"PARIS, Nov 27 (Reuters) - France may try to negotiate some exemptions from the duties and limits imposed by the U.S. anti-inflation act but Europe must act to protect the bloc's economic interests, F… [+1013 chars]"
65,"{'id': 'reuters', 'name': 'Reuters'}",,Euro zone bailout fund to get new head from Luxembourg - Reuters,"Luxembourg's former finance minister Pierre Gramegna is likely to take over the euro zone's bailout fund, the European Stability Mechanism (ESM), succeeding Germany's Klaus Regling who retired last month, a senior euro zone official said.",https://www.reuters.com/markets/europe/euro-zone-bailout-fund-get-new-head-luxembourg-2022-11-25/,https://www.reuters.com/resizer/WL-xRbEgJMd9iPnKCguUrpgDuag=/1200x628/smart/filters:quality(80)/cloudfront-us-east-2.images.arcpublishing.com/reuters/HUUE7M37SNO5HBQHQM5TLRYAGM.jpg,2022-11-25T15:58:00Z,"BERLIN/BRUSSELS, Nov 25 (Reuters) - Luxembourg's former finance minister Pierre Gramegna is likely to take over the euro zone's bailout fund, the European Stability Mechanism (ESM), succeeding German… [+1099 chars]"
66,"{'id': 'reuters', 'name': 'Reuters'}",,Canada posts C$1.72 bln surplus over first six months of 2022/23 - Reuters,"OTTAWA, NOV 25 (Reuters) - Canada recorded a C$1.72 billion ($1.29 billion) budget surplus for the first six months of the 2022/23 fiscal year, helped by higher tax revenues, the finance ministry said on Friday.",https://www.reuters.com/markets/canada-posts-c172-bln-surplus-over-first-six-months-202223-2022-11-25/,https://www.reuters.com/pf/resources/images/reuters/reuters-default.png?d=122,2022-11-25T16:01:00Z,"OTTAWA, NOV 25 (Reuters) - Canada recorded a C$1.72 billion ($1.29 billion) budget surplus for the first six months of the 2022/23 fiscal year, helped by higher tax revenues, the finance ministry sai… [+897 chars]"
67,"{'id': 'reuters', 'name': 'Reuters'}",,Ghana expects $3 bln IMF loan approval early in 2023 - Reuters,"The International Monetary Fund (IMF) is poised to lend Ghana $3 billion as the African nation grapples with its worst economic crisis in a generation, Finance Minister Ken Ofori-Atta said on Tuesday.",https://www.reuters.com/world/africa/ghana-sees-imf-board-approval-3-bln-3-year-loan-early-2023-2022-12-13/,https://www.reuters.com/resizer/6lVWMWxeIiiyA5_BnJmfaWWjTrs=/1200x628/smart/filters:quality(80)/cloudfront-us-east-2.images.arcpublishing.com/reuters/CGL26IWEYZKARL3C343RWITIDM.jpg,2022-12-13T13:15:00Z,"ACCRA, Dec 13 (Reuters) - The International Monetary Fund (IMF) is poised to lend Ghana $3 billion as the African nation grapples with its worst economic crisis in a generation, Finance Minister Ken … [+3657 chars]"
68,"{'id': 'reuters', 'name': 'Reuters'}",,U.S. Energy Department to spend $3.7 billion on carbon removal - Reuters,The U.S. Department of Energy on Tuesday agreed to commit $3.7 billion to finance projects to remove planet-warming carbon from the atmosphere and meet the U.S. goal of net-zero greenhouse gas emissions by 2050.,https://www.reuters.com/business/sustainable-business/us-energy-department-spend-37-billion-carbon-removal-2022-12-13/,https://www.reuters.com/resizer/ldJzulo6x2dSc9gerYqEaFqJeps=/1200x628/smart/filters:quality(80)/cloudfront-us-east-2.images.arcpublishing.com/reuters/UA7WIRIC45OUBFYY6A6ZDKR5WA.jpg,2022-12-13T19:28:00Z,Dec 13 (Reuters) - The U.S. Department of Energy on Tuesday agreed to commit $3.7 billion to finance projects to remove planet-warming carbon from the atmosphere and meet the U.S. goal of net-zero gr… [+2046 chars]
69,"{'id': 'reuters', 'name': 'Reuters'}",,Germany sceptical of swift EU debt reform agreement - sources - Reuters,"Many questions remain unanswered on the topic of reforming European Union debt rules, German government sources said on Friday, dampening hopes for a swift agreement on the matter ahead of a meeting of finance ministers in Brussels next week.",https://www.reuters.com/markets/europe/germany-sceptical-swift-eu-debt-reform-agreement-sources-2022-12-02/,https://www.reuters.com/pf/resources/images/reuters/reuters-default.png?d=122,2022-12-02T14:59:00Z,"BERLIN, Dec 2 (Reuters) - Many questions remain unanswered on the topic of reforming European Union debt rules, German government sources said on Friday, dampening hopes for a swift agreement on the … [+784 chars]"
70,"{'id': 'reuters', 'name': 'Reuters'}",,Brazil's incoming FinMin Haddad says fiscal expansion won't help at the moment - Reuters Canada,"Brazil's incoming finance minister Fernando Haddad on Wednesday said fiscal expansion would not help the economy at the moment, downplaying market jitters on an expected spending boost starting next year.",https://www.reuters.com/world/americas/brazils-incoming-finmin-haddad-says-fiscal-expansion-wont-help-moment-2022-12-14/,https://www.reuters.com/resizer/khj3mQnG5pZSdMRel-OpWT06tRc=/1200x628/smart/filters:quality(80)/cloudfront-us-east-2.images.arcpublishing.com/reuters/VX4SQTHKYFNDZAWYTSAFLI3IYE.jpg,2022-12-14T19:50:00Z,"BRASILIA, Dec 14 (Reuters) - Brazil's incoming finance minister Fernando Haddad on Wednesday said fiscal expansion would not help the economy at the moment, downplaying market jitters on an expected … [+1891 chars]"
71,"{'id': 'reuters', 'name': 'Reuters'}",,EU looks to win Hungary support for Ukraine aid in return for EU funds access - Reuters,European Union finance ministers will on Tuesday look to get Hungary's backing for 18 billion euros ($18.89 billion) of support for Ukraine for next year in exchange for access to EU money from its recovery fund as well as budget.,https://www.reuters.com/world/europe/eu-looks-win-hungary-support-ukraine-aid-return-eu-funds-access-2022-12-06/,https://www.reuters.com/pf/resources/images/reuters/reuters-default.png?d=122,2022-12-06T09:35:00Z,"BRUSSELS, Dec 6 (Reuters) - European Union finance ministers will on Tuesday look to get Hungary's backing for 18 billion euros ($18.89 billion) of support for Ukraine for next year in exchange for a… [+2112 chars]"
72,"{'id': 'reuters', 'name': 'Reuters'}",,"World Bank, partners launch tracking system to clean up carbon markets - Reuters",The World Bank and partners including Singapore on Wednesday launched a global tracking system to clean up the opaque market for carbon credits and help developing countries raise much-needed climate finance quickly and more cheaply.,https://www.reuters.com/markets/carbon/world-bank-partners-launch-tracking-system-clean-up-carbon-markets-2022-12-07/,https://www.reuters.com/resizer/JJX764YGJ_f-yJ9gEVIagPs3Ako=/1200x628/smart/filters:quality(80)/cloudfront-us-east-2.images.arcpublishing.com/reuters/TDPXC6A275KUZE2236I57TCHYQ.jpg,2022-12-07T08:39:00Z,"LONDON, Dec 7 (Reuters) - The World Bank and partners including Singapore on Wednesday launched a global tracking system to clean up the opaque market for carbon credits and help developing countries… [+2865 chars]"
73,"{'id': 'reuters', 'name': 'Reuters'}",,Japan foreign reserves rise for first time in four months - Reuters.com,"Japan's foreign reserves rose in November for the first time in four months, the Ministry of Finance said on Wednesday, as the dollar's fall versus the euro and other currencies helped to boost valuation gains in the country's foreign assets.",https://www.reuters.com/markets/asia/japan-foreign-reserves-rise-first-time-four-months-2022-12-07/,https://www.reuters.com/pf/resources/images/reuters/reuters-default.png?d=123,2022-12-07T01:22:53Z,"TOKYO, Dec 7 (Reuters) - Japan's foreign reserves rose in November for the first time in four months, the Ministry of Finance said on Wednesday, as the dollar's fall versus the euro and other currenc… [+559 chars]"
74,"{'id': 'reuters', 'name': 'Reuters'}",,Venture capitalists flock to blockchain firms in third quarter - Pitchbook - Reuters,"Decentralized finance (DeFi) and Web3 were the primary targets of early-stage startup funding from some of the top private investors in the third quarter, research firm Pitchbook said on Tuesday, even as overall venture capital investments declined.",https://www.reuters.com/technology/venture-capitalists-flock-blockchain-firms-third-quarter-pitchbook-2022-11-29/,https://www.reuters.com/pf/resources/images/reuters/reuters-default.png?d=122,2022-11-29T05:06:18Z,"Nov 29 (Reuters) - Decentralized finance (DeFi) and Web3 were the primary targets of early-stage startup funding from some of the top private investors in the third quarter, research firm Pitchbook s… [+1714 chars]"
75,"{'id': 'reuters', 'name': 'Reuters'}",,How business helped drive 'historic' agreement for nature at COP15 - Reuters.com,Spontaneous ovations at any high-level negotiations are rare and usually reserved for an impassioned intervention by a climate activist or conservation group. Finance Day at the COP15 biodiversity negotiations in Montreal was different.,https://www.reuters.com/business/sustainable-business/how-business-helped-drive-historic-agreement-nature-cop15-2022-12-21/,https://www.reuters.com/resizer/ShiYuyf-jOlxWqaFlTVYdumA3z0=/1200x628/smart/filters:quality(80)/cloudfront-us-east-2.images.arcpublishing.com/reuters/C55YWFSL2ROA5NN2PUSXJ5P5ZE.jpg,2022-12-21T15:07:00Z,December 21 - Spontaneous ovations at any high-level negotiations are rare and usually reserved for an impassioned intervention by a climate activist or conservation group. Finance Day at the COP15 b… [+10190 chars]
76,"{'id': 'reuters', 'name': 'Reuters'}",,World Bank to lend $500 million to help Brazil meet climate goals - Reuters,The World Bank´s board of directors approved late on Thursday a $500 million project in Brazil to expand sustainability-linked finance and strengthen the private sector’s capacity to access carbon credit markets and help the country curb deforestation.,https://www.reuters.com/business/environment/world-bank-lend-500-million-help-brazil-meet-climate-goals-2022-12-23/,https://www.reuters.com/resizer/C0EfuI9P4KnH9jxj7n_i56Vs0Ss=/1200x628/smart/filters:quality(80)/cloudfront-us-east-2.images.arcpublishing.com/reuters/HRAIYN6H6VNLFGMBBVQEOZZYAU.jpg,2022-12-23T08:05:00Z,"SAO PAULO, Dec 23 (Reuters) - The World Bank´s board of directors approved late on Thursday a $500 million project in Brazil to expand sustainability-linked finance and strengthen the private sectors… [+2788 chars]"
77,"{'id': 'reuters', 'name': 'Reuters'}",,Canada posts C$174 mln deficit over first seven months of 2022/23 - Reuters Canada,"OTTAWA, Dec 23 (Reuters) - Canada recorded a C$174 million ($127.91 million) budget deficit for the first seven months of the 2022/23 fiscal year, partly due to higher debt charges, the finance ministry said on Friday.",https://www.reuters.com/world/americas/canada-posts-c174-mln-deficit-over-first-seven-months-202223-2022-12-23/,https://www.reuters.com/resizer/AXPtudz6dlaTkLKxRVHqua2eJDI=/1200x628/smart/filters:quality(80)/cloudfront-us-east-2.images.arcpublishing.com/reuters/WIG2XAFBCJO63NIDC2WF7TJUXA.jpg,2022-12-23T18:09:00Z,"OTTAWA, Dec 23 (Reuters) - Canada recorded a C$174 million ($127.91 million) budget deficit for the first seven months of the 2022/23 fiscal year, partly due to higher debt charges, the finance minis… [+1129 chars]"
78,"{'id': 'reuters', 'name': 'Reuters'}",,Indonesia to use excess budget cash to rein in 2023 borrowing - Reuters,"Indonesia will accumulate excess cash in this year's budget and use it to help reduce borrowing in 2023, when it expects to face market volatility and a weakening global economy, its finance minister said on Thursday.",https://www.reuters.com/markets/asia/indonesia-use-excess-budget-cash-rein-2023-borrowing-2022-11-24/,https://www.reuters.com/pf/resources/images/reuters/reuters-default.png?d=122,2022-11-24T09:17:00Z,"JAKARTA, Nov 24 (Reuters) - Indonesia will accumulate excess cash in this year's budget and use it to help reduce borrowing in 2023, when it expects to face market volatility and a weakening global e… [+1948 chars]"
79,"{'id': 'reuters', 'name': 'Reuters'}",,Thai economy may miss forecast next year as global growth slows -finmin - Reuters,"Thailand's economy may not reach a forecast growth of 3.8% next year due to a global economic slowdown, but this year's outlook should still be achieved, the finance minister said on Tuesday.",https://www.reuters.com/markets/asia/thai-economy-may-miss-forecast-next-year-global-growth-slows-finmin-2022-11-29/,https://www.reuters.com/pf/resources/images/reuters/reuters-default.png?d=122,2022-11-29T08:43:00Z,"BANGKOK, Nov 29 (Reuters) - Thailand's economy may not reach a forecast growth of 3.8% next year due to a global economic slowdown, but this year's outlook should still be achieved, the finance minis… [+1352 chars]"
80,"{'id': 'reuters', 'name': 'Reuters'}",,Israel cancels customs duties on South Korean industrial imports - Reuters,"Israel's finance minister on Sunday signed an order to eliminate customs duties on agricultural and industrial imports from South Korea, including on cars, as a new free trade agreement between the countries took effect.",https://www.reuters.com/business/israel-cancels-customs-duties-south-korean-industrial-imports-2022-12-04/,https://www.reuters.com/resizer/3MArPVJUvjLv0TQA-t1imNuN3Ec=/1200x628/smart/filters:quality(80)/cloudfront-us-east-2.images.arcpublishing.com/reuters/VCEJT7T25BPTVICWLEZ6FY5PIA.jpg,2022-12-04T14:44:00Z,"JERUSALEM, Dec 4 (Reuters) - Israel's finance minister on Sunday signed an order to eliminate customs duties on agricultural and industrial imports from South Korea, including on cars, as a new free … [+590 chars]"
81,"{'id': 'reuters', 'name': 'Reuters'}",,UK's Hunt says public-sector pay restraint needed to tame inflation - Reuters.com,British finance minister Jeremy Hunt said on Friday that he did not wish to see pay rises for public-sector workers that might reduce the pace at which the government expects double-digit inflation to fall.,https://www.reuters.com/markets/europe/uks-hunt-says-public-sector-pay-restraint-needed-tame-inflation-2022-12-09/,https://www.reuters.com/resizer/IR-p8jtEEWYJYQ0WobADMoJnuJk=/1200x628/smart/filters:quality(80)/cloudfront-us-east-2.images.arcpublishing.com/reuters/MU33VCGBERNFTOFR4EHAEBSTWU.jpg,2022-12-09T12:23:00Z,"LONDON, Dec 9 (Reuters) - British finance minister Jeremy Hunt said on Friday that he did not wish to see pay rises for public-sector workers that might reduce the pace at which the government expect… [+469 chars]"
82,"{'id': 'reuters', 'name': 'Reuters'}",,Emerging markets November foreign inflows most since June 2021 - IIF - Reuters,"Foreigners dumped the most cash into emerging market portfolios in November than any month since June 2021 even as Chinese debt continues to see outflows, the Institute of International Finance (IIF) said on Thursday.",https://www.reuters.com/markets/emerging-markets-november-foreign-inflows-most-since-june-2021-iif-2022-12-08/,https://www.reuters.com/resizer/tnHB7sfG-MMT2DcxxPu-tVm-7IE=/1200x628/smart/filters:quality(80)/cloudfront-us-east-2.images.arcpublishing.com/reuters/HUX34P5I6RLLNH4RXLIAHDDQTE.jpg,2022-12-08T17:37:00Z,"Dec 8 (Reuters) - Foreigners dumped the most cash into emerging market portfolios in November than any month since June 2021 even as Chinese debt continues to see outflows, the Institute of Internati… [+1732 chars]"
83,"{'id': 'reuters', 'name': 'Reuters'}",,UK cannot take foreign bond buyers for granted: Treasury official - Reuters.com,"Britain cannot take for granted that foreign investors will have a strong appetite for its government debt, the finance ministry's top official, permanent secretary James Bowler, told lawmakers on Monday.",https://www.reuters.com/markets/rates-bonds/uk-cannot-take-foreign-bond-buyers-granted-treasury-official-2022-12-12/,https://www.reuters.com/pf/resources/images/reuters/reuters-default.png?d=123,2022-12-12T16:03:00Z,"LONDON, Dec 12 (Reuters) - Britain cannot take for granted that foreign investors will have a strong appetite for its government debt, the finance ministry's top official, permanent secretary James B… [+735 chars]"
84,"{'id': 'reuters', 'name': 'Reuters'}",,"Japan Nov exports up 20% yr/yr, overwhelmed by hefty imports -MOF - Reuters","Japan's exports rose 20% in November from a year earlier but imports outpaced shipments, resulting in a 16th straight month of trade deficits, Ministry of Finance (MOF) data showed on Thursday.",https://www.reuters.com/markets/asia/japan-nov-exports-up-20-yryr-overwhelmed-by-hefty-imports-mof-2022-12-15/,https://www.reuters.com/pf/resources/images/reuters/reuters-default.png?d=124,2022-12-15T00:07:42Z,"TOKYO, Dec 15 (Reuters) - Japan's exports rose 20% in November from a year earlier but imports outpaced shipments, resulting in a 16th straight month of trade deficits, Ministry of Finance (MOF) data… [+659 chars]"
85,"{'id': 'reuters', 'name': 'Reuters'}",,"Greek Jan-Nov primary budget deficit beats target, tax revenues help - Reuters","Greece's central government reported a lower-than-expected primary budget deficit in the first 11 months of the year as tax revenues slightly beat initial estimates, finance ministry data showed on Thursday.",https://www.reuters.com/markets/europe/greek-jan-nov-primary-budget-deficit-1126-bln-euros-beats-target-2022-12-15/,https://www.reuters.com/resizer/2rMD9ns56nv6FwV4q_lOuCB6eZs=/1200x628/smart/filters:quality(80)/cloudfront-us-east-2.images.arcpublishing.com/reuters/BRZMVQZZYFIDDIMZFP3JVNNAN4.jpg,2022-12-15T11:25:00Z,"ATHENS, Dec 15 (Reuters) - Greece's central government reported a lower-than-expected primary budget deficit in the first 11 months of the year as tax revenues slightly beat initial estimates, financ… [+1011 chars]"
86,"{'id': 'reuters', 'name': 'Reuters'}",,"Thai economy in recovery, bolstered by tourists, minister says - Reuters","Thailand's economy is still on the recovery path and should grow 3.4% this year and 3.8% next year, supported by a rebound in its vital tourism sector, the finance minister said on Wednesday.",https://www.reuters.com/markets/asia/thai-economy-recovery-bolstered-by-tourists-minister-says-2022-12-14/,https://www.reuters.com/resizer/JnR1-tvgzKKChcGWgTdSb2vqD0w=/1200x628/smart/filters:quality(80)/cloudfront-us-east-2.images.arcpublishing.com/reuters/UO6EDNWMKBNMXLPTUMIMMRLRUA.jpg,2022-12-14T12:49:00Z,"BANGKOK, Dec 14 (Reuters) - Thailand's economy is still on the recovery path and should grow 3.4% this year and 3.8% next year, supported by a rebound in its vital tourism sector, the finance ministe… [+1124 chars]"
87,"{'id': 'reuters', 'name': 'Reuters'}",,World Bank's IFC sees 'huge' potential to boost investment in Africa - Reuters,"The World Bank's private investment arm sees huge potential to boost investment in Africa and help support entrepreneurship and digital transformation on the continent, top officials with the International Finance Corp (IFC) said.",https://www.reuters.com/world/africa/world-banks-ifc-sees-huge-potential-boost-investment-africa-2022-12-16/,https://www.reuters.com/resizer/6UgUoxONYxayLYLnsnZGxe_I568=/1200x628/smart/filters:quality(80)/cloudfront-us-east-2.images.arcpublishing.com/reuters/QQVOJ6GCUZNPBLYBNWO2W2OTZY.jpg,2022-12-16T19:10:00Z,"WASHINGTON, Dec 16 (Reuters) - The World Bank's private investment arm sees huge potential to boost investment in Africa and help support entrepreneurship and digital transformation on the continent,… [+2377 chars]"
88,"{'id': 'reuters', 'name': 'Reuters'}",,Luxembourg authorises some frozen Russian assets to be unblocked - Reuters.com,Luxembourg's finance ministry on Tuesday said it had authorised the release of certain frozen funds or economic resources held at the Clearstream settlement house by Russia's National Settlement Depository (NSD).,https://www.reuters.com/world/europe/luxembourg-authorises-some-frozen-russian-assets-be-unblocked-2022-12-20/,https://www.reuters.com/pf/resources/images/reuters/reuters-default.png?d=124,2022-12-20T18:21:00Z,"MOSCOW, Dec 20 (Reuters) - Luxembourg's finance ministry on Tuesday said it had authorised the release of certain frozen funds or economic resources held at the Clearstream settlement house by Russia… [+1906 chars]"
89,"{'id': 'reuters', 'name': 'Reuters'}",,UK names ex-Fed official Kroszner to BoE's Financial Policy ... - Reuters.com,"Former U.S. Federal Reserve official Randall Kroszner will join the Bank of England's Financial Policy Committee for a three-year term starting in February 2023, Britain's finance ministry said on Wednesday.",https://www.reuters.com/markets/europe/uk-names-ex-fed-official-kroszner-boes-financial-policy-committee-2022-12-21/,https://www.reuters.com/resizer/Km8hZfsTaYJ4G5Yh0ff4fsH64sg=/1200x628/smart/filters:quality(80)/cloudfront-us-east-2.images.arcpublishing.com/reuters/U6HXJ4YGXFNVZKSOXVYZJPRJSA.jpg,2022-12-21T14:29:00Z,"LONDON, Dec 21 (Reuters) - Former U.S. Federal Reserve official Randall Kroszner will join the Bank of England's Financial Policy Committee for a three-year term starting in February 2023, Britain's … [+483 chars]"
90,"{'id': 'reuters', 'name': 'Reuters'}",,Ghana again extends domestic debt exchange registration deadline - Reuters,"Ghana has further extended the deadline to register for its domestic debt exchange to Jan. 16 in order to ""secure internal approvals"" from the financial sector, the Finance Ministry said in a statement late on Saturday.",https://www.reuters.com/world/africa/ghana-again-extends-domestic-debt-exchange-registration-deadline-2022-12-25/,https://www.reuters.com/resizer/9IhltdEr7qglPZ1DmziVxQ-qyiU=/1200x628/smart/filters:quality(80)/cloudfront-us-east-2.images.arcpublishing.com/reuters/TNUFZSJVAFIWBGPJVBHQEIKI3Q.jpg,2022-12-25T10:40:00Z,"ACCRA, Dec 24 (Reuters) - Ghana has further extended the deadline to register for its domestic debt exchange to Jan. 16 in order to ""secure internal approvals"" from the financial sector, the Finance … [+1986 chars]"
91,"{'id': 'reuters', 'name': 'Reuters'}",,"Brazil's Lula to announce his economic team soon, aide says - Reuters","Brazil's President-elect Luiz Inacio Lula da Silva is expected to announce his economic team in the coming days, a close aide said on Monday, as speculation grows on who will be the country's next finance minister.",https://www.reuters.com/world/americas/brazils-lula-announce-his-economic-team-soon-aide-says-2022-11-28/,https://www.reuters.com/resizer/T9te7Gq96g1WOg1D2zWNBsVf0lg=/1200x628/smart/filters:quality(80)/cloudfront-us-east-2.images.arcpublishing.com/reuters/422S5QSQRNPDTAT5FSSNTVMAZY.jpg,2022-11-28T15:47:00Z,"BRASILIA, Nov 28 (Reuters) - Brazil's President-elect Luiz Inacio Lula da Silva is expected to announce his economic team in the coming days, a close aide said on Monday, as speculation grows on who … [+1285 chars]"
92,"{'id': 'reuters', 'name': 'Reuters'}",,Russian parliament receives documents on Kudrin leaving Audit Chamber - RIA - Reuters,"Former Russian finance minister Alexei Kudrin is set to step down as head of the country's Audit Chamber, according to documents submitted to Russia's upper house of parliament, the RIA Novosti news agency reported on Tuesday.",https://www.reuters.com/world/europe/russian-parliament-receives-documents-kudrin-leaving-audit-chamber-ria-2022-11-29/,https://www.reuters.com/resizer/TznmIhFpe-0_MpcAP9KFGuUhLdE=/1200x628/smart/filters:quality(80)/cloudfront-us-east-2.images.arcpublishing.com/reuters/PA7IYZAULBIDRBLXBBEBDXIJQM.jpg,2022-11-29T06:28:00Z,"Nov 29 (Reuters) - Former Russian finance minister Alexei Kudrin is set to step down as head of the country's Audit Chamber, according to documents submitted to Russia's upper house of parliament, th… [+358 chars]"
93,"{'id': 'reuters', 'name': 'Reuters'}",,German FinMin: need stability and growth for sustainable public finances - Reuters.com,"Economic stability and growth are both crucial for delivering sustainable public finances, German Finance Minister Christian Lindner told a news conference ahead of talks with his French counterpart on Thursday.",https://www.reuters.com/markets/europe/german-finmin-need-stability-growth-sustainable-public-finances-2022-11-24/,https://www.reuters.com/pf/resources/images/reuters/reuters-default.png?d=122,2022-11-24T16:47:00Z,"PARIS, Nov 24 (Reuters) - Economic stability and growth are both crucial for delivering sustainable public finances, German Finance Minister Christian Lindner told a news conference ahead of talks wi… [+521 chars]"
94,"{'id': 'reuters', 'name': 'Reuters'}",,'Immoral' for Hungary to hold up EU financing deal for Ukraine -Lithuania - Reuters,"It is ""immoral"" for Hungary to hold up a European Union deal on 2023 financing for Ukraine to extract approval for Budapest's recovery plan and billions from the EU budget, Lithuanian Finance Minister Gintare Skaiste told Reuters on Monday.",https://www.reuters.com/markets/europe/immoral-hungary-hold-up-eu-financing-deal-ukraine-lithuania-2022-12-05/,https://www.reuters.com/pf/resources/images/reuters/reuters-default.png?d=122,2022-12-05T17:55:00Z,"BRUSSELS, Dec 5 (Reuters) - It is ""immoral"" for Hungary to hold up a European Union deal on 2023 financing for Ukraine to extract approval for Budapest's recovery plan and billions from the EU budget… [+2706 chars]"
95,"{'id': 'reuters', 'name': 'Reuters'}",,EU regulators tweak state aid rules to boost broadband rollout - Reuters.com,"EU competition regulators have revised state aid rules to make it easier for European Union countries to finance the rollout of fast-speed broadband, key to achieving the bloc's ambitious digital and green goals.",https://www.reuters.com/technology/eu-regulators-tweak-state-aid-rules-boost-broadband-rollout-2022-12-12/,https://www.reuters.com/resizer/EdXBp-3aSK1l5ngaXz6NkKpve_0=/1200x628/smart/filters:quality(80)/cloudfront-us-east-2.images.arcpublishing.com/reuters/YOI2PO6MGFP33DMTWUGN66UPAY.jpg,2022-12-12T12:26:00Z,"BRUSSELS, Dec 12 (Reuters) - EU competition regulators have revised state aid rules to make it easier for European Union countries to finance the rollout of fast-speed broadband, key to achieving the… [+1272 chars]"
96,"{'id': 'reuters', 'name': 'Reuters'}",,UK government expects to recoup Bulb energy bailout cost - Reuters.com,"Britain's government expects to recoup fully the cost to the public purse from the collapse of energy supplier Bulb, but cannot say how many years this will take, the Treasury's finance director, Phil Duffy, told lawmakers on Monday.",https://www.reuters.com/world/uk/uk-government-expects-recoup-bulb-energy-bailout-cost-2022-12-12/,https://www.reuters.com/pf/resources/images/reuters/reuters-default.png?d=123,2022-12-12T17:10:00Z,"LONDON, Dec 12 (Reuters) - Britain's government expects to recoup fully the cost to the public purse from the collapse of energy supplier Bulb, but cannot say how many years this will take, the Treas… [+646 chars]"
97,"{'id': 'reuters', 'name': 'Reuters'}",,"Japan corporate capex up, record recurring profits for Q3 - Reuters.com","Japanese companies raised spending on plant and equipment in the July-September quarter, Ministry of Finance data showed on Thursday, in a sign business investment remains resilient and a boost to recovery from a COVID-19 induced downturn.",https://www.reuters.com/markets/asia/japan-corporate-capex-up-record-recurring-profits-q3-2022-12-01/,https://www.reuters.com/pf/resources/images/reuters/reuters-default.png?d=122,2022-12-01T00:55:00Z,"TOKYO, Dec 1 (Reuters) - Japanese companies raised spending on plant and equipment in the July-September quarter, Ministry of Finance data showed on Thursday, in a sign business investment remains re… [+1490 chars]"
98,"{'id': 'reuters', 'name': 'Reuters'}",,New litigation funding firm launches in New York - Reuters,"A new litigation finance firm has set up shop in New York, becoming the latest player to seek out a piece of the growing market for investing in potentially lucrative legal disputes.",https://www.reuters.com/legal/legalindustry/new-litigation-funding-firm-launches-new-york-2022-12-13/,https://www.reuters.com/resizer/8af6H64F0BMniUeGjq0qIaD_fAc=/728x381/smart/filters:quality(80)/cloudfront-us-east-2.images.arcpublishing.com/reuters/7PQ6VDQOQJKZZKFNCWERHV5KHM.jpg,2022-12-13T21:17:00Z,"(Reuters) - A new litigation finance firm has set up shop in New York, becoming the latest player to seek out a piece of the growing market for investing in potentially lucrative legal disputes.
The… [+2734 chars]"
99,"{'id': 'reuters', 'name': 'Reuters'}",,Greece to tap oil refineries levy to fund food allowance for households - Reuters,"Greece expects to raise around 650 million euros ($690.82 million) from a windfall tax on its two oil refineries this fiscal year and use the proceeds to help households with their monthly food expenses, its finance minister said on Monday.",https://www.reuters.com/business/energy/greece-tap-oil-refineries-levy-fund-food-allowance-households-2022-12-19/,https://www.reuters.com/resizer/LRsAYVnj6mnzaF-sBY8XW7BfLvk=/1200x628/smart/filters:quality(80)/cloudfront-us-east-2.images.arcpublishing.com/reuters/2NZE5DAHXBNYJINWWZH7LGPN74.jpg,2022-12-19T07:42:00Z,"ATHENS, Dec 19 (Reuters) - Greece expects to raise around 650 million euros ($690.82 million) from a windfall tax on its two oil refineries this fiscal year and use the proceeds to help households wi… [+1034 chars]"
